"","GEOID","wt","STATEFP10","COUNTYFP10","TRACTCE10","NAME10","NAMELSAD10","MTFCC10","FUNCSTAT10","ALAND10","AWATER10","INTPTLAT10","INTPTLON10","C000","CNS03","CNS05","CNS06","CNS08","UMWT","UMWTshare"
"1","53033000100",28,53,33,100,1,"Census Tract 1","G5020","S",1910585,1486352,47.7238068,-122.2819279,1657,0,31,23,64,118,0.0712130356065178
"2","53033000200",27,53,33,200,2,"Census Tract 2","G5020","S",3286319,0,47.7266401,-122.3099961,881,0,49,9,32,90,0.102156640181612
"3","53033000300",26,53,33,300,3,"Census Tract 3","G5020","S",1210516,0,47.7305246,-122.3329227,760,0,1,3,0,4,0.00526315789473684
"4","53033000401",25,53,33,401,4.01,"Census Tract 4.01","G5020","S",1281899,81874,47.728871,-122.3509939,1184,0,0,56,0,56,0.0472972972972973
"5","53033000402",24,53,33,402,4.02,"Census Tract 4.02","G5020","S",1798936,0,47.7168585,-122.3523664,1525,0,48,34,0,82,0.0537704918032787
"6","53033000500",23,53,33,500,5,"Census Tract 5","G5020","S",2882910,932456,47.7224094,-122.3710555,115,0,0,15,0,15,0.130434782608696
"7","53033000600",22,53,33,600,6,"Census Tract 6","G5020","S",3783740,54223,47.7180013,-122.3322129,5424,0,26,29,92,147,0.0271017699115044
"8","53033000700",21,53,33,700,7,"Census Tract 7","G5020","S",1294675,0,47.7156893,-122.3018632,1310,0,11,54,3,68,0.0519083969465649
"9","53033000800",20,53,33,800,8,"Census Tract 8","G5020","S",1141587,0,47.7112492,-122.2860821,78,0,2,6,0,8,0.102564102564103
"10","53033000900",393,53,33,900,9,"Census Tract 9","G5020","S",996458,2531309,47.7063747,-122.2749586,102,0,0,8,0,8,0.0784313725490196
"11","53033001000",392,53,33,1000,10,"Census Tract 10","G5020","S",954457,0,47.7064067,-122.2960648,549,0,3,19,2,24,0.0437158469945355
"12","53033001100",391,53,33,1100,11,"Census Tract 11","G5020","S",1060418,0,47.706547,-122.3068073,307,0,0,27,0,27,0.0879478827361563
"13","53033001200",390,53,33,1200,12,"Census Tract 12","G5020","S",1834052,0,47.7071214,-122.3228194,6385,0,91,30,0,121,0.0189506656225529
"14","53033001300",389,53,33,1300,13,"Census Tract 13","G5020","S",1183989,0,47.7022812,-122.342179,1540,10,100,70,3,183,0.118831168831169
"15","53033001400",388,53,33,1400,14,"Census Tract 14","G5020","S",2137298,211433,47.7078795,-122.3674088,630,0,0,26,0,26,0.0412698412698413
"16","53033001500",387,53,33,1500,15,"Census Tract 15","G5020","S",1170487,398486,47.6945678,-122.3949423,84,0,1,7,0,8,0.0952380952380952
"17","53033001600",386,53,33,1600,16,"Census Tract 16","G5020","S",2041021,457717,47.7004763,-122.3799018,824,0,15,19,20,54,0.0655339805825243
"18","53033001701",147,53,33,1701,17.01,"Census Tract 17.01","G5020","S",892771,0,47.6963619,-122.3544843,1279,0,19,33,0,52,0.0406567630961689
"19","53033001702",52,53,33,1702,17.02,"Census Tract 17.02","G5020","S",1280222,0,47.6965212,-122.3639488,929,0,17,238,7,262,0.282023681377826
"20","53033001800",385,53,33,1800,18,"Census Tract 18","G5020","S",942974,0,47.694045,-122.3419779,375,0,0,20,0,20,0.0533333333333333
"21","53033001900",384,53,33,1900,19,"Census Tract 19","G5020","S",1663251,0,47.696535,-122.326216,3414,0,0,25,90,115,0.033684827182191
"22","53033002000",371,53,33,2000,20,"Census Tract 20","G5020","S",1103292,28680,47.695331,-122.3108025,451,0,6,44,5,55,0.121951219512195
"23","53033002100",370,53,33,2100,21,"Census Tract 21","G5020","S",1365467,0,47.6953673,-122.2980453,598,0,2,21,14,37,0.0618729096989967
"24","53033002200",369,53,33,2200,22,"Census Tract 22","G5020","S",2767963,1488647,47.6922985,-122.2695132,416,6,2,15,0,23,0.0552884615384615
"25","53033002400",368,53,33,2400,24,"Census Tract 24","G5020","S",978103,0,47.6866812,-122.2878258,269,0,0,7,0,7,0.0260223048327138
"26","53033002500",367,53,33,2500,25,"Census Tract 25","G5020","S",984333,0,47.6838969,-122.3022793,522,0,0,26,0,26,0.0498084291187739
"27","53033002600",366,53,33,2600,26,"Census Tract 26","G5020","S",1216657,28175,47.6822031,-122.3113993,768,0,14,35,0,49,0.0638020833333333
"28","53033002700",365,53,33,2700,27,"Census Tract 27","G5020","S",1593775,0,47.6868673,-122.3311252,827,0,34,67,3,104,0.125755743651753
"29","53033002800",364,53,33,2800,28,"Census Tract 28","G5020","S",983387,0,47.68512,-122.3499256,792,0,3,22,0,25,0.0315656565656566
"30","53033002900",363,53,33,2900,29,"Census Tract 29","G5020","S",986207,0,47.6850872,-122.3606466,565,0,12,56,0,68,0.120353982300885
"31","53033003000",362,53,33,3000,30,"Census Tract 30","G5020","S",1493249,0,47.6850958,-122.3740444,693,0,3,29,4,36,0.051948051948052
"32","53033003100",347,53,33,3100,31,"Census Tract 31","G5020","S",2232860,465516,47.6877574,-122.3964308,512,0,20,28,2,50,0.09765625
"33","53033003200",346,53,33,3200,32,"Census Tract 32","G5020","S",2475044,1014738,47.6753292,-122.4022854,1965,0,193,42,44,279,0.141984732824427
"34","53033003300",345,53,33,3300,33,"Census Tract 33","G5020","S",1296368,0,47.6759714,-122.3768125,540,0,3,20,4,27,0.05
"35","53033003400",344,53,33,3400,34,"Census Tract 34","G5020","S",787147,0,47.6740646,-122.3617463,390,0,4,11,0,15,0.0384615384615385
"36","53033003500",343,53,33,3500,35,"Census Tract 35","G5020","S",1284761,0,47.6725466,-122.3520881,1391,0,37,15,0,52,0.0373831775700935
"37","53033003600",342,53,33,3600,36,"Census Tract 36","G5020","S",1196463,0,47.6771912,-122.3242054,2795,0,36,80,0,116,0.0415026833631485
"38","53033003800",329,53,33,3800,38,"Census Tract 38","G5020","S",624606,0,47.6794093,-122.2955292,293,0,2,0,0,2,0.0068259385665529
"39","53033003900",328,53,33,3900,39,"Census Tract 39","G5020","S",973807,0,47.6794117,-122.2823414,444,0,1,5,4,10,0.0225225225225225
"40","53033004000",327,53,33,4000,40,"Census Tract 40","G5020","S",2606984,3881765,47.681718,-122.252368,470,0,0,6,0,6,0.0127659574468085
"41","53033004100",326,53,33,4100,41,"Census Tract 41","G5020","S",3267563,5654701,47.667844,-122.2587932,7444,0,4,89,0,93,0.0124932831810854
"42","53033004200",325,53,33,4200,42,"Census Tract 42","G5020","S",2464009,0,47.6702043,-122.2841019,1213,0,70,104,11,185,0.152514427040396
"43","53033004301",54,53,33,4301,43.01,"Census Tract 43.01","G5020","S",979359,0,47.6694017,-122.300222,3212,0,29,16,3,48,0.0149439601494396
"44","53033004302",53,53,33,4302,43.02,"Census Tract 43.02","G5020","S",330714,0,47.6647406,-122.303595,458,0,0,1,0,1,0.00218340611353712
"45","53033004400",324,53,33,4400,44,"Census Tract 44","G5020","S",989908,0,47.670341,-122.3119324,1484,0,0,56,0,56,0.0377358490566038
"46","53033004500",323,53,33,4500,45,"Census Tract 45","G5020","S",671000,0,47.6685824,-122.3229111,387,0,0,28,0,28,0.0723514211886305
"47","53033004600",322,53,33,4600,46,"Census Tract 46","G5020","S",1552357,1033231,47.683092,-122.3378674,412,0,3,21,0,24,0.058252427184466
"48","53033004700",310,53,33,4700,47,"Census Tract 47","G5020","S",1950914,353088,47.6660659,-122.3749544,9967,0,1392,553,25,1970,0.197652252433029
"49","53033004800",309,53,33,4800,48,"Census Tract 48","G5020","S",1318565,41555,47.6608472,-122.3601847,2063,0,473,95,151,719,0.348521570528357
"50","53033004900",308,53,33,4900,49,"Census Tract 49","G5020","S",1085823,25325,47.6571964,-122.3518455,5735,0,465,92,35,592,0.103225806451613
"51","53033005000",307,53,33,5000,50,"Census Tract 50","G5020","S",757380,0,47.6608696,-122.3418076,1580,0,14,35,2,51,0.0322784810126582
"52","53033005100",306,53,33,5100,51,"Census Tract 51","G5020","S",881711,0,47.6585183,-122.3322481,1146,0,14,10,20,44,0.0383944153577661
"53","53033005200",305,53,33,5200,52,"Census Tract 52","G5020","S",964721,85584,47.6595705,-122.3235185,1992,0,0,139,1,140,0.070281124497992
"54","53033005301",304,53,33,5301,53.01,"Census Tract 53.01","G5020","S",543485,0,47.661505,-122.3131216,3525,0,24,2,0,26,0.00737588652482269
"55","53033005302",303,53,33,5302,53.02,"Census Tract 53.02","G5020","S",2511567,745303,47.6540494,-122.3013013,24703,0,0,7,0,7,0.00028336639274582
"56","53033005400",302,53,33,5400,54,"Census Tract 54","G5020","S",1199275,647090,47.6486281,-122.3381362,4835,0,176,643,100,919,0.190072388831437
"57","53033005600",301,53,33,5600,56,"Census Tract 56","G5020","S",3032928,1587292,47.6405468,-122.4071053,826,0,10,26,0,36,0.0435835351089588
"58","53033005700",287,53,33,5700,57,"Census Tract 57","G5020","S",5107335,2295838,47.6581015,-122.4137704,1621,0,35,73,297,405,0.249845774213449
"59","53033005801",286,53,33,5801,58.01,"Census Tract 58.01","G5020","S",1779677,301744,47.6548926,-122.3850376,4492,0,1240,409,362,2011,0.447684772929653
"60","53033005802",341,53,33,5802,58.02,"Census Tract 58.02","G5020","S",3091582,1156787,47.6353633,-122.3802928,3171,0,999,209,247,1455,0.458845789971618
"61","53033005900",340,53,33,5900,59,"Census Tract 59","G5020","S",1806158,173889,47.6492259,-122.3685688,4123,56,805,112,624,1597,0.387339316032016
"62","53033006000",285,53,33,6000,60,"Census Tract 60","G5020","S",1349233,150279,47.6436158,-122.352052,2338,45,58,40,10,153,0.0654405474764756
"63","53033006100",284,53,33,6100,61,"Census Tract 61","G5020","S",1241431,644264,47.6448423,-122.3222789,2773,0,48,106,4,158,0.0569780021637216
"64","53033006200",283,53,33,6200,62,"Census Tract 62","G5020","S",2730880,285632,47.6391316,-122.3012264,759,0,0,6,0,6,0.00790513833992095
"65","53033006300",282,53,33,6300,63,"Census Tract 63","G5020","S",2306076,3491020,47.6350574,-122.2767772,1671,0,6,21,0,27,0.0161579892280072
"66","53033006400",281,53,33,6400,64,"Census Tract 64","G5020","S",903649,0,47.6285398,-122.3048258,426,0,17,42,0,59,0.13849765258216
"67","53033006500",267,53,33,6500,65,"Census Tract 65","G5020","S",1147621,0,47.6309633,-122.3177579,487,0,0,15,0,15,0.0308008213552361
"68","53033006600",266,53,33,6600,66,"Census Tract 66","G5020","S",1113996,826398,47.6296259,-122.3310053,8249,0,365,16,68,449,0.0544308401018305
"69","53033006700",265,53,33,6700,67,"Census Tract 67","G5020","S",1278220,102394,47.6318633,-122.3442667,14266,0,59,110,59,228,0.015982055236226
"70","53033006800",264,53,33,6800,68,"Census Tract 68","G5020","S",718106,0,47.6360306,-122.3564653,2073,0,4,30,0,34,0.0164013506994694
"71","53033006900",263,53,33,6900,69,"Census Tract 69","G5020","S",902889,0,47.6343628,-122.3669714,859,0,145,18,0,163,0.189755529685681
"72","53033007000",262,53,33,7000,70,"Census Tract 70","G5020","S",805962,0,47.6282328,-122.3568062,2368,0,0,57,0,57,0.0240709459459459
"73","53033007100",261,53,33,7100,71,"Census Tract 71","G5020","S",862095,0,47.6224443,-122.3574017,11145,0,789,78,1541,2408,0.216061013907582
"74","53033007200",260,53,33,7200,72,"Census Tract 72","G5020","S",1010266,0,47.6194539,-122.3431175,19094,0,520,503,207,1230,0.064418141824657
"75","53033007300",259,53,33,7300,73,"Census Tract 73","G5020","S",926047,0,47.6199883,-122.3335164,21131,0,64,187,29,280,0.0132506743646775
"76","53033007401",148,53,33,7401,74.01,"Census Tract 74.01","G5020","S",259386,0,47.6229244,-122.3246584,762,0,0,17,0,17,0.0223097112860892
"77","53033007402",55,53,33,7402,74.02,"Census Tract 74.02","G5020","S",249282,0,47.6187608,-122.3244188,802,0,12,9,0,21,0.0261845386533666
"78","53033007500",258,53,33,7500,75,"Census Tract 75","G5020","S",801744,0,47.6183901,-122.3168861,4791,0,176,98,8,282,0.0588603631809643
"79","53033007600",257,53,33,7600,76,"Census Tract 76","G5020","S",571878,0,47.6218678,-122.3075858,1210,0,0,3,0,3,0.00247933884297521
"80","53033007700",244,53,33,7700,77,"Census Tract 77","G5020","S",1058325,0,47.6191203,-122.2973516,965,0,22,17,0,39,0.0404145077720207
"81","53033007800",243,53,33,7800,78,"Census Tract 78","G5020","S",2114574,3212025,47.6141558,-122.2810958,2251,0,47,90,2,139,0.061750333185251
"82","53033007900",242,53,33,7900,79,"Census Tract 79","G5020","S",698478,0,47.6143865,-122.3076722,2073,0,20,13,11,44,0.0212252773757839
"83","53033008001",241,53,33,8001,80.01,"Census Tract 80.01","G5020","S",493763,546001,47.6150718,-122.3555298,13548,0,897,171,2405,3473,0.256347800413345
"84","53033008002",240,53,33,8002,80.02,"Census Tract 80.02","G5020","S",229060,0,47.6120871,-122.3452591,8580,0,785,234,84,1103,0.128554778554779
"85","53033008100",239,53,33,8100,81,"Census Tract 81","G5020","S",827795,368877,47.6058741,-122.3393423,67459,1237,509,1069,3499,6314,0.0935975926118087
"86","53033008200",238,53,33,8200,82,"Census Tract 82","G5020","S",366705,0,47.6103728,-122.331941,45501,0,40,4251,880,5171,0.113645853937276
"87","53033008300",237,53,33,8300,83,"Census Tract 83","G5020","S",237446,0,47.6118178,-122.3280041,6396,0,0,1,0,1,0.000156347717323327
"88","53033008400",236,53,33,8400,84,"Census Tract 84","G5020","S",382615,0,47.6134675,-122.3239419,7292,0,24,50,0,74,0.010148107515085
"89","53033008500",235,53,33,8500,85,"Census Tract 85","G5020","S",474211,0,47.6051125,-122.3249464,24821,1608,5,10,0,1623,0.065388179364248
"90","53033008600",234,53,33,8600,86,"Census Tract 86","G5020","S",711360,0,47.6071015,-122.3166893,3844,0,33,8,0,41,0.0106659729448491
"91","53033008700",213,53,33,8700,87,"Census Tract 87","G5020","S",732388,0,47.6059236,-122.307791,1200,0,18,23,0,41,0.0341666666666667
"92","53033008800",196,53,33,8800,88,"Census Tract 88","G5020","S",948580,0,47.6073299,-122.2976324,285,0,2,6,0,8,0.0280701754385965
"93","53033008900",195,53,33,8900,89,"Census Tract 89","G5020","S",1280326,1636171,47.6010391,-122.2850405,1884,0,1,32,2,35,0.0185774946921444
"94","53033009000",194,53,33,9000,90,"Census Tract 90","G5020","S",820730,0,47.5982642,-122.3090976,4034,0,401,77,2,480,0.118988596926128
"95","53033009100",193,53,33,9100,91,"Census Tract 91","G5020","S",418836,0,47.5984232,-122.3217544,3105,0,107,56,0,163,0.0524959742351047
"96","53033009200",192,53,33,9200,92,"Census Tract 92","G5020","S",330171,154864,47.6004657,-122.3348315,5435,0,49,138,59,246,0.0452621895124195
"97","53033009300",191,53,33,9300,93,"Census Tract 93","G5020","S",9429062,719984,47.5776855,-122.3309417,42335,0,3419,4715,6085,14219,0.33586866658793
"98","53033009400",190,53,33,9400,94,"Census Tract 94","G5020","S",1723077,0,47.5881924,-122.3098671,20436,0,98,155,1,254,0.0124290467801918
"99","53033009500",189,53,33,9500,95,"Census Tract 95","G5020","S",2596039,2909196,47.5783426,-122.2831943,2173,0,606,50,0,656,0.30188679245283
"100","53033009600",170,53,33,9600,96,"Census Tract 96","G5020","S",1936670,1354203,47.5899898,-122.3882351,1263,0,12,27,1,40,0.0316706254948535
"101","53033009701",169,53,33,9701,97.01,"Census Tract 97.01","G5020","S",1857984,1610494,47.5731929,-122.4101745,708,0,5,43,173,221,0.312146892655367
"102","53033009702",168,53,33,9702,97.02,"Census Tract 97.02","G5020","S",2219066,0,47.571927,-122.3960103,255,0,0,57,1,58,0.227450980392157
"103","53033009800",167,53,33,9800,98,"Census Tract 98","G5020","S",1930639,0,47.5719546,-122.383094,2148,0,8,23,1,32,0.0148975791433892
"104","53033009900",166,53,33,9900,99,"Census Tract 99","G5020","S",6566273,2286606,47.5789585,-122.3638568,4951,0,818,462,1421,2701,0.545546354271864
"105","53033010001",57,53,33,10001,100.01,"Census Tract 100.01","G5020","S",2253835,60359,47.5673069,-122.3043618,4398,0,0,3,10,13,0.00295588904047294
"106","53033010002",56,53,33,10002,100.02,"Census Tract 100.02","G5020","S",948258,0,47.576579,-122.3095727,662,0,2,1,0,3,0.00453172205438067
"107","53033010100",165,53,33,10100,101,"Census Tract 101","G5020","S",2509594,1534926,47.5670447,-122.2751446,1580,0,157,22,1,180,0.113924050632911
"108","53033010200",164,53,33,10200,102,"Census Tract 102","G5020","S",2781085,1399183,47.5540013,-122.2608175,472,0,0,21,0,21,0.0444915254237288
"109","53033010300",140,53,33,10300,103,"Census Tract 103","G5020","S",1660245,0,47.5541363,-122.282639,2577,0,180,20,0,200,0.0776096235933256
"110","53033010401",171,53,33,10401,104.01,"Census Tract 104.01","G5020","S",1616864,0,47.5532039,-122.2956376,222,0,0,5,0,5,0.0225225225225225
"111","53033010402",59,53,33,10402,104.02,"Census Tract 104.02","G5020","S",1798894,0,47.5537876,-122.3102256,354,0,103,40,0,143,0.403954802259887
"112","53033010500",139,53,33,10500,105,"Census Tract 105","G5020","S",1717929,0,47.5574406,-122.3855495,3740,0,133,76,0,209,0.0558823529411765
"113","53033010600",138,53,33,10600,106,"Census Tract 106","G5020","S",2594296,817141,47.5476485,-122.3918719,900,5,12,25,0,42,0.0466666666666667
"114","53033010701",172,53,33,10701,107.01,"Census Tract 107.01","G5020","S",1452792,3664,47.5450729,-122.3675013,334,0,3,6,1,10,0.029940119760479
"115","53033010702",60,53,33,10702,107.02,"Census Tract 107.02","G5020","S",784716,0,47.5468041,-122.3730302,267,0,0,2,0,2,0.00749063670411985
"116","53033010800",137,53,33,10800,108,"Census Tract 108","G5020","S",4093693,330621,47.5440342,-122.3498743,1059,0,427,54,275,756,0.713881019830028
"117","53033010900",136,53,33,10900,109,"Census Tract 109","G5020","S",4789752,272921,47.5425052,-122.3199752,15576,0,6302,1938,1118,9358,0.600796096558808
"118","53033011001",173,53,33,11001,110.01,"Census Tract 110.01","G5020","S",1070772,0,47.5383594,-122.2862045,722,0,8,3,3,14,0.0193905817174515
"119","53033011002",58,53,33,11002,110.02,"Census Tract 110.02","G5020","S",1676105,0,47.540414,-122.2989097,368,106,21,33,0,160,0.434782608695652
"120","53033011101",233,53,33,11101,111.01,"Census Tract 111.01","G5020","S",1150364,0,47.539484,-122.2773724,276,0,0,0,0,0,0
"121","53033011102",220,53,33,11102,111.02,"Census Tract 111.02","G5020","S",1297471,1636998,47.5379284,-122.2633605,951,0,0,4,5,9,0.00946372239747634
"122","53033011200",219,53,33,11200,112,"Census Tract 112","G5020","S",2766126,227061,47.5285208,-122.3248817,5542,0,1132,520,1026,2678,0.483219054492963
"123","53033011300",218,53,33,11300,113,"Census Tract 113","G5020","S",3157555,42220,47.527369,-122.3448435,2285,0,440,157,279,876,0.383369803063457
"124","53033011401",80,53,33,11401,114.01,"Census Tract 114.01","G5020","S",1233153,0,47.529706,-122.362028,74,0,0,0,0,0,0
"125","53033011402",61,53,33,11402,114.02,"Census Tract 114.02","G5020","S",1186185,0,47.5206654,-122.3646254,1262,0,22,5,8,35,0.0277337559429477
"126","53033011500",217,53,33,11500,115,"Census Tract 115","G5020","S",1538373,0,47.5301833,-122.375533,323,0,4,31,19,54,0.1671826625387
"127","53033011600",216,53,33,11600,116,"Census Tract 116","G5020","S",3109902,971211,47.5282704,-122.3897768,622,2,10,52,0,64,0.102893890675241
"128","53033011700",215,53,33,11700,117,"Census Tract 117","G5020","S",3506091,0,47.5201716,-122.2828507,1353,0,195,390,285,870,0.643015521064302
"129","53033011800",214,53,33,11800,118,"Census Tract 118","G5020","S",2301120,2269206,47.5154414,-122.253208,859,0,0,7,0,7,0.00814901047729918
"130","53033011900",135,53,33,11900,119,"Census Tract 119","G5020","S",3175666,1320016,47.5089452,-122.2517818,256,0,2,18,0,20,0.078125
"131","53033012000",134,53,33,12000,120,"Census Tract 120","G5020","S",1447511,0,47.5129291,-122.3806808,71,0,2,2,0,4,0.0563380281690141
"132","53033012100",104,53,33,12100,121,"Census Tract 121","G5020","S",1721295,1399504,47.507595,-122.3873799,121,0,0,33,0,33,0.272727272727273
"133","53033020100",103,53,33,20100,201,"Census Tract 201","G5020","S",1772600,684792,47.7707111,-122.387361,330,0,0,23,0,23,0.0696969696969697
"134","53033020200",102,53,33,20200,202,"Census Tract 202","G5020","S",2592032,0,47.7716683,-122.3633594,1269,0,7,10,5,22,0.0173364854215918
"135","53033020300",101,53,33,20300,203,"Census Tract 203","G5020","S",2566042,36451,47.7689986,-122.3417532,2696,0,9,21,424,454,0.16839762611276
"136","53033020401",100,53,33,20401,204.01,"Census Tract 204.01","G5020","S",2313206,0,47.7708169,-122.3195413,2526,0,12,4,13,29,0.0114806017418844
"137","53033020402",99,53,33,20402,204.02,"Census Tract 204.02","G5020","S",2786012,0,47.76951,-122.2970269,462,0,0,7,0,7,0.0151515151515152
"138","53033020500",79,53,33,20500,205,"Census Tract 205","G5020","S",2722044,0,47.7562524,-122.3138057,1002,15,8,30,3,56,0.0558882235528942
"139","53033020600",78,53,33,20600,206,"Census Tract 206","G5020","S",1974729,0,47.7560214,-122.3321002,120,0,0,8,4,12,0.1
"140","53033020700",77,53,33,20700,207,"Census Tract 207","G5020","S",1711193,0,47.7561636,-122.3473227,2078,14,6,25,7,52,0.0250240615976901
"141","53033020800",76,53,33,20800,208,"Census Tract 208","G5020","S",3160164,644499,47.756977,-122.3716178,412,0,0,9,30,39,0.0946601941747573
"142","53033020900",75,53,33,20900,209,"Census Tract 209","G5020","S",4775453,645484,47.7432786,-122.3639033,3955,0,41,19,0,60,0.0151706700379267
"143","53033021000",74,53,33,21000,210,"Census Tract 210","G5020","S",2618870,5753,47.7396007,-122.3357847,1049,0,0,20,1,21,0.0200190657769304
"144","53033021100",73,53,33,21100,211,"Census Tract 211","G5020","S",2619718,0,47.7412054,-122.3128854,1442,0,63,4,8,75,0.0520110957004161
"145","53033021300",51,53,33,21300,213,"Census Tract 213","G5020","S",1811833,1189300,47.7402939,-122.286956,745,0,0,6,17,23,0.0308724832214765
"146","53033021400",50,53,33,21400,214,"Census Tract 214","G5020","S",3154037,242662,47.7507662,-122.2924491,622,8,46,11,0,65,0.104501607717042
"147","53033021500",49,53,33,21500,215,"Census Tract 215","G5020","S",3485702,412518,47.7643848,-122.2737863,428,0,5,35,12,52,0.121495327102804
"148","53033021600",396,53,33,21600,216,"Census Tract 216","G5020","S",2855710,143532,47.767033,-122.2582785,755,0,3,55,77,135,0.178807947019868
"149","53033021700",273,53,33,21700,217,"Census Tract 217","G5020","S",5665993,0,47.7641311,-122.2351861,1513,0,25,103,0,128,0.0846001321877065
"150","53033021802",182,53,33,21802,218.02,"Census Tract 218.02","G5020","S",4904123,0,47.7673777,-122.17274,9210,420,777,723,9,1929,0.209446254071661
"151","53033021803",39,53,33,21803,218.03,"Census Tract 218.03","G5020","S",3280334,0,47.7644157,-122.2144243,4541,0,86,28,0,114,0.0251046025104603
"152","53033021804",93,53,33,21804,218.04,"Census Tract 218.04","G5020","S",3067767,0,47.7657027,-122.1963736,1268,0,21,92,3,116,0.0914826498422713
"153","53033021903",397,53,33,21903,219.03,"Census Tract 219.03","G5020","S",3133850,10680,47.7175135,-122.1788294,8843,0,207,150,24,381,0.0430849259301142
"154","53033021904",183,53,33,21904,219.04,"Census Tract 219.04","G5020","S",3404550,0,47.7229333,-122.1616154,2157,0,186,394,45,625,0.289754288363468
"155","53033021905",153,53,33,21905,219.05,"Census Tract 219.05","G5020","S",2683360,0,47.7431697,-122.1814242,465,0,0,26,5,31,0.0666666666666667
"156","53033021906",152,53,33,21906,219.06,"Census Tract 219.06","G5020","S",3816083,4544,47.7423026,-122.1694451,2793,0,871,256,24,1151,0.412101682778375
"157","53033022001",274,53,33,22001,220.01,"Census Tract 220.01","G5020","S",4394633,0,47.7451437,-122.1989202,769,0,0,27,0,27,0.035110533159948
"158","53033022003",376,53,33,22003,220.03,"Census Tract 220.03","G5020","S",2318497,0,47.725731,-122.1982413,1048,0,0,5,0,5,0.00477099236641221
"159","53033022005",181,53,33,22005,220.05,"Census Tract 220.05","G5020","S",2420124,0,47.7116198,-122.1939066,3489,0,52,73,0,125,0.0358268844941244
"160","53033022006",0,53,33,22006,220.06,"Census Tract 220.06","G5020","S",1408907,0,47.7043393,-122.1992667,775,0,25,31,18,74,0.0954838709677419
"161","53033022101",94,53,33,22101,221.01,"Census Tract 221.01","G5020","S",3662797,1581554,47.7417973,-122.2556683,312,0,0,29,0,29,0.092948717948718
"162","53033022102",292,53,33,22102,221.02,"Census Tract 221.02","G5020","S",4646226,0,47.742406,-122.2259045,368,0,67,16,0,83,0.22554347826087
"163","53033022201",377,53,33,22201,222.01,"Census Tract 222.01","G5020","S",2290376,0,47.7263403,-122.2320467,346,0,0,4,20,24,0.069364161849711
"164","53033022202",394,53,33,22202,222.02,"Census Tract 222.02","G5020","S",2613884,0,47.7206893,-122.2143318,995,0,2,9,41,52,0.0522613065326633
"165","53033022203",119,53,33,22203,222.03,"Census Tract 222.03","G5020","S",3205513,619554,47.7066987,-122.2253274,675,0,1,30,0,31,0.0459259259259259
"166","53033022300",203,53,33,22300,223,"Census Tract 223","G5020","S",5180190,3747695,47.7138649,-122.248746,609,67,0,20,0,87,0.142857142857143
"167","53033022400",204,53,33,22400,224,"Census Tract 224","G5020","S",4644860,3758058,47.6859329,-122.2113268,4127,0,61,196,140,397,0.0961957838623698
"168","53033022500",293,53,33,22500,225,"Census Tract 225","G5020","S",3774561,188853,47.6799808,-122.1926045,8456,0,343,254,3,600,0.0709555345316935
"169","53033022603",311,53,33,22603,226.03,"Census Tract 226.03","G5020","S",2896820,12563,47.6948197,-122.1716302,1428,0,2,41,39,82,0.0574229691876751
"170","53033022604",312,53,33,22604,226.04,"Census Tract 226.04","G5020","S",2955131,0,47.6762277,-122.1740019,2124,0,11,26,0,37,0.0174199623352166
"171","53033022605",62,53,33,22605,226.05,"Census Tract 226.05","G5020","S",4727320,0,47.6914671,-122.1557444,6072,31,2210,291,3,2535,0.417490118577075
"172","53033022606",206,53,33,22606,226.06,"Census Tract 226.06","G5020","S",2757465,27137,47.6689188,-122.1547915,456,127,0,1,0,128,0.280701754385965
"173","53033022701",96,53,33,22701,227.01,"Census Tract 227.01","G5020","S",1658813,463268,47.6536174,-122.2060589,6593,0,654,542,1,1197,0.181556195965418
"174","53033022702",207,53,33,22702,227.02,"Census Tract 227.02","G5020","S",2450337,0,47.6568197,-122.1942746,808,0,0,1,0,1,0.00123762376237624
"175","53033022703",117,53,33,22703,227.03,"Census Tract 227.03","G5020","S",4207715,0,47.6572912,-122.1758426,904,0,3,20,0,23,0.0254424778761062
"176","53033022801",157,53,33,22801,228.01,"Census Tract 228.01","G5020","S",4865268,0,47.646431,-122.1532208,3330,0,11,33,0,44,0.0132132132132132
"177","53033022802",331,53,33,22802,228.02,"Census Tract 228.02","G5020","S",2657468,0,47.6633906,-122.1350007,210,0,0,16,8,24,0.114285714285714
"178","53033022803",177,53,33,22803,228.03,"Census Tract 228.03","G5020","S",4772689,0,47.6439331,-122.1312723,52073,0,2374,528,12,2914,0.055959902444645
"179","53033022901",205,53,33,22901,229.01,"Census Tract 229.01","G5020","S",1484063,0,47.6366077,-122.1183943,432,0,0,11,1,12,0.0277777777777778
"180","53033022902",63,53,33,22902,229.02,"Census Tract 229.02","G5020","S",3427199,1688812,47.6403935,-122.102278,208,0,31,24,0,55,0.264423076923077
"181","53033023000",208,53,33,23000,230,"Census Tract 230","G5020","S",3286160,2508903,47.620581,-122.1031787,1534,0,1,69,0,70,0.045632333767927
"182","53033023100",222,53,33,23100,231,"Census Tract 231","G5020","S",2531810,2665265,47.6067132,-122.1114759,362,0,0,17,0,17,0.0469613259668508
"183","53033023201",89,53,33,23201,232.01,"Census Tract 232.01","G5020","S",1589789,0,47.6186062,-122.1375409,1265,0,0,24,170,194,0.153359683794466
"184","53033023202",178,53,33,23202,232.02,"Census Tract 232.02","G5020","S",1470662,0,47.6179632,-122.1270727,1789,0,41,25,0,66,0.0368921185019564
"185","53033023300",224,53,33,23300,233,"Census Tract 233","G5020","S",3589676,248744,47.6003452,-122.1289619,827,0,1,18,0,19,0.0229746070133011
"186","53033023401",225,53,33,23401,234.01,"Census Tract 234.01","G5020","S",3740203,0,47.5867489,-122.1467322,10553,138,356,926,37,1457,0.138065005211788
"187","53033023403",87,53,33,23403,234.03,"Census Tract 234.03","G5020","S",3308890,1972210,47.5817847,-122.1151458,5742,0,2399,37,0,2436,0.424242424242424
"188","53033023404",86,53,33,23404,234.04,"Census Tract 234.04","G5020","S",1793702,1870257,47.566993,-122.0852255,164,0,0,16,0,16,0.0975609756097561
"189","53033023500",226,53,33,23500,235,"Census Tract 235","G5020","S",2273132,0,47.5913824,-122.1728599,539,0,1,199,0,200,0.371057513914657
"190","53033023601",245,53,33,23601,236.01,"Census Tract 236.01","G5020","S",4602566,0,47.6104586,-122.1719138,12433,0,49,755,48,852,0.0685273063621009
"191","53033023603",223,53,33,23603,236.03,"Census Tract 236.03","G5020","S",2028190,0,47.6173977,-122.1508058,2687,0,23,133,22,178,0.0662448827688872
"192","53033023604",247,53,33,23604,236.04,"Census Tract 236.04","G5020","S",2940216,0,47.5993896,-122.1539499,794,0,0,163,15,178,0.224181360201511
"193","53033023700",248,53,33,23700,237,"Census Tract 237","G5020","S",7530638,18305,47.6327201,-122.1733574,27418,0,1725,1138,475,3338,0.121744839156758
"194","53033023801",268,53,33,23801,238.01,"Census Tract 238.01","G5020","S",3723442,0,47.5957098,-122.188697,5702,9,26,442,94,571,0.100140301648544
"195","53033023803",105,53,33,23803,238.03,"Census Tract 238.03","G5020","S",563963,0,47.6192542,-122.1978584,10615,0,191,304,23,518,0.0487988695242581
"196","53033023804",88,53,33,23804,238.04,"Census Tract 238.04","G5020","S",1220954,0,47.6132805,-122.198466,39673,0,84,2142,15,2241,0.056486779421773
"197","53033023900",90,53,33,23900,239,"Census Tract 239","G5020","S",4649863,4222583,47.5830719,-122.2002301,335,0,1,26,0,27,0.0805970149253731
"198","53033024000",269,53,33,24000,240,"Census Tract 240","G5020","S",4669788,239079,47.6273756,-122.2042081,5251,0,52,596,10,658,0.125309464863835
"199","53033024100",116,53,33,24100,241,"Census Tract 241","G5020","S",4432887,1658184,47.6426931,-122.2202683,577,0,44,41,0,85,0.147313691507799
"200","53033024200",118,53,33,24200,242,"Census Tract 242","G5020","S",3706733,11129640,47.6330584,-122.2404977,330,0,0,13,0,13,0.0393939393939394
"201","53033024300",313,53,33,24300,243,"Census Tract 243","G5020","S",4071795,9463811,47.5901123,-122.245844,3719,0,7,146,34,187,0.0502823339607421
"202","53033024400",314,53,33,24400,244,"Census Tract 244","G5020","S",1627672,660948,47.5822829,-122.217867,1180,0,0,23,0,23,0.0194915254237288
"203","53033024500",315,53,33,24500,245,"Census Tract 245","G5020","S",3785637,2227321,47.5664031,-122.2202549,991,0,0,13,0,13,0.0131180625630676
"204","53033024601",246,53,33,24601,246.01,"Census Tract 246.01","G5020","S",4016906,2661746,47.5484565,-122.2237306,222,0,3,18,2,23,0.103603603603604
"205","53033024602",64,53,33,24602,246.02,"Census Tract 246.02","G5020","S",2868432,2569219,47.5326968,-122.2319773,531,0,3,10,0,13,0.0244821092278719
"206","53033024701",270,53,33,24701,247.01,"Census Tract 247.01","G5020","S",2739207,0,47.5614775,-122.1808594,248,0,0,21,1,22,0.0887096774193548
"207","53033024702",272,53,33,24702,247.02,"Census Tract 247.02","G5020","S",6392898,797574,47.5396242,-122.1897607,1033,0,34,24,0,58,0.0561471442400774
"208","53033024800",120,53,33,24800,248,"Census Tract 248","G5020","S",3775702,0,47.5743916,-122.1521009,12200,0,44,369,32,445,0.0364754098360656
"209","53033024901",271,53,33,24901,249.01,"Census Tract 249.01","G5020","S",3183749,0,47.5633033,-122.1575188,655,0,4,221,0,225,0.343511450381679
"210","53033024902",121,53,33,24902,249.02,"Census Tract 249.02","G5020","S",2029984,0,47.5653697,-122.1337183,78,0,0,7,0,7,0.0897435897435897
"211","53033024903",122,53,33,24903,249.03,"Census Tract 249.03","G5020","S",4963596,0,47.5508498,-122.1412595,475,0,0,181,0,181,0.381052631578947
"212","53033025001",69,53,33,25001,250.01,"Census Tract 250.01","G5020","S",3531217,28798,47.5380627,-122.1693928,782,0,1,19,0,20,0.0255754475703325
"213","53033025003",95,53,33,25003,250.03,"Census Tract 250.03","G5020","S",6352436,0,47.5567201,-122.1081035,460,0,1,45,19,65,0.141304347826087
"214","53033025005",107,53,33,25005,250.05,"Census Tract 250.05","G5020","S",7684826,0,47.5306823,-122.1466867,1107,15,33,24,27,99,0.0894308943089431
"215","53033025006",106,53,33,25006,250.06,"Census Tract 250.06","G5020","S",22393618,0,47.5269219,-122.098686,524,0,4,27,0,31,0.0591603053435115
"216","53033025101",374,53,33,25101,251.01,"Census Tract 251.01","G5020","S",2935513,0,47.509392,-122.1549957,622,0,4,4,0,8,0.0128617363344051
"217","53033025102",123,53,33,25102,251.02,"Census Tract 251.02","G5020","S",6232169,0,47.4980982,-122.140725,1051,17,16,18,10,61,0.0580399619410086
"218","53033025200",375,53,33,25200,252,"Census Tract 252","G5020","S",4544252,0,47.5106885,-122.1827358,497,0,0,14,2,16,0.0321931589537223
"219","53033025301",174,53,33,25301,253.01,"Census Tract 253.01","G5020","S",3821608,2029946,47.5102693,-122.2031668,19032,48,15231,496,28,15803,0.830338377469525
"220","53033025302",81,53,33,25302,253.02,"Census Tract 253.02","G5020","S",3972686,2424838,47.4920143,-122.2153507,7132,0,110,151,194,455,0.0637969713965227
"221","53033025400",348,53,33,25400,254,"Census Tract 254","G5020","S",2300848,0,47.494539,-122.1839089,1193,0,8,3,0,11,0.00922045264040235
"222","53033025500",349,53,33,25500,255,"Census Tract 255","G5020","S",1524600,0,47.4970722,-122.1699618,540,0,1,2,0,3,0.00555555555555556
"223","53033025601",175,53,33,25601,256.01,"Census Tract 256.01","G5020","S",2894103,0,47.4827528,-122.1748691,665,0,1,0,23,24,0.0360902255639098
"224","53033025602",108,53,33,25602,256.02,"Census Tract 256.02","G5020","S",5204940,0,47.4777132,-122.1488815,374,0,0,10,0,10,0.0267379679144385
"225","53033025701",330,53,33,25701,257.01,"Census Tract 257.01","G5020","S",3780704,0,47.4716037,-122.1913955,821,0,86,39,6,131,0.159561510353228
"226","53033025702",350,53,33,25702,257.02,"Census Tract 257.02","G5020","S",2852893,0,47.4638347,-122.16465,86,0,0,12,0,12,0.13953488372093
"227","53033025803",65,53,33,25803,258.03,"Census Tract 258.03","G5020","S",1343482,0,47.4503896,-122.178457,167,0,0,7,0,7,0.0419161676646707
"228","53033025804",289,53,33,25804,258.04,"Census Tract 258.04","G5020","S",2358347,0,47.4547647,-122.1691692,142,0,1,2,12,15,0.105633802816901
"229","53033025805",176,53,33,25805,258.05,"Census Tract 258.05","G5020","S",2392257,35493,47.4548196,-122.1939161,366,0,2,23,3,28,0.0765027322404372
"230","53033025806",82,53,33,25806,258.06,"Census Tract 258.06","G5020","S",2934558,150285,47.4550034,-122.2107374,4942,0,4,17,11,32,0.00647511129097531
"231","53033026001",48,53,33,26001,260.01,"Census Tract 260.01","G5020","S",2747927,0,47.499027,-122.2362315,314,0,1,8,4,13,0.0414012738853503
"232","53033026002",288,53,33,26002,260.02,"Census Tract 260.02","G5020","S",2767309,1607,47.4825107,-122.2239768,742,0,1,26,42,69,0.0929919137466307
"233","53033026100",47,53,33,26100,261,"Census Tract 261","G5020","S",4302988,9859,47.4910723,-122.2500978,852,12,269,9,13,303,0.355633802816901
"234","53033026200",46,53,33,26200,262,"Census Tract 262","G5020","S",15241096,526900,47.4591441,-122.2435898,44434,182,4660,4340,1858,11040,0.248458387721114
"235","53033026300",45,53,33,26300,263,"Census Tract 263","G5020","S",4827827,388852,47.5089631,-122.2889871,6925,0,5452,141,192,5785,0.835379061371841
"236","53033026400",44,53,33,26400,264,"Census Tract 264","G5020","S",4780011,299442,47.509131,-122.3111776,3695,0,808,296,482,1586,0.429228687415426
"237","53033026500",43,53,33,26500,265,"Census Tract 265","G5020","S",1993802,1625,47.5145478,-122.3380052,795,8,71,13,14,106,0.133333333333333
"238","53033026600",19,53,33,26600,266,"Census Tract 266","G5020","S",1160397,0,47.512846,-122.3632681,640,0,7,3,0,10,0.015625
"239","53033026700",18,53,33,26700,267,"Census Tract 267","G5020","S",3084839,419292,47.4962788,-122.3638054,413,0,0,6,9,15,0.036319612590799
"240","53033026801",17,53,33,26801,268.01,"Census Tract 268.01","G5020","S",1538512,5897,47.5076338,-122.3433587,446,0,2,1,6,9,0.0201793721973094
"241","53033026802",16,53,33,26802,268.02,"Census Tract 268.02","G5020","S",2035727,18135,47.4983057,-122.3429643,397,0,3,0,37,40,0.100755667506297
"242","53033027000",15,53,33,27000,270,"Census Tract 270","G5020","S",1978526,12524,47.4976819,-122.3219067,121,0,4,1,2,7,0.0578512396694215
"243","53033027100",14,53,33,27100,271,"Census Tract 271","G5020","S",1567464,0,47.4920386,-122.2998447,689,0,1,2,33,36,0.0522496371552975
"244","53033027200",13,53,33,27200,272,"Census Tract 272","G5020","S",3321974,85339,47.4867948,-122.2813197,9138,0,345,853,1617,2815,0.308054278835631
"245","53033027300",12,53,33,27300,273,"Census Tract 273","G5020","S",3552158,5405,47.4780597,-122.299328,762,0,321,7,43,371,0.486876640419947
"246","53033027400",383,53,33,27400,274,"Census Tract 274","G5020","S",3325461,0,47.4827326,-122.3236114,1084,10,7,11,10,38,0.0350553505535055
"247","53033027500",382,53,33,27500,275,"Census Tract 275","G5020","S",2229521,0,47.4816357,-122.341172,1261,0,6,5,27,38,0.0301348136399683
"248","53033027600",357,53,33,27600,276,"Census Tract 276","G5020","S",2846424,1307943,47.4745719,-122.3595893,855,0,5,10,0,15,0.0175438596491228
"249","53033027701",83,53,33,27701,277.01,"Census Tract 277.01","G5020","S",44151776,9781558,47.4509608,-122.4764915,1957,16,250,30,38,334,0.170669391926418
"250","53033027702",339,53,33,27702,277.02,"Census Tract 277.02","G5020","S",51481975,23439547,47.3727844,-122.4617896,342,11,9,9,2,31,0.0906432748538012
"251","53033027800",338,53,33,27800,278,"Census Tract 278","G5020","S",2577267,1094948,47.4515094,-122.3679231,128,0,17,15,0,32,0.25
"252","53033027900",337,53,33,27900,279,"Census Tract 279","G5020","S",3358042,153582,47.4638936,-122.3478454,8729,47,62,306,68,483,0.0553327987169206
"253","53033028000",336,53,33,28000,280,"Census Tract 280","G5020","S",2094341,0,47.4666281,-122.3239219,970,0,0,1,0,1,0.00103092783505155
"254","53033028100",335,53,33,28100,281,"Census Tract 281","G5020","S",1627778,0,47.4686896,-122.2991209,1031,25,27,1,11,64,0.0620756547041707
"255","53033028200",334,53,33,28200,282,"Census Tract 282","G5020","S",2687326,1028,47.4656308,-122.2755633,1289,0,0,23,4,27,0.0209464701318852
"256","53033028300",321,53,33,28300,283,"Census Tract 283","G5020","S",8206439,153403,47.4309168,-122.2693876,6137,0,1681,1322,657,3660,0.596382597360274
"257","53033028402",320,53,33,28402,284.02,"Census Tract 284.02","G5020","S",8324279,0,47.4501488,-122.3030373,11727,0,8,59,7866,7933,0.676473096273557
"258","53033028403",319,53,33,28403,284.03,"Census Tract 284.03","G5020","S",2086535,32665,47.4388693,-122.2831589,2594,0,0,26,229,255,0.0983037779491133
"259","53033028500",318,53,33,28500,285,"Census Tract 285","G5020","S",3509824,0,47.4454085,-122.3248135,1321,0,116,127,605,848,0.641937925813777
"260","53033028600",317,53,33,28600,286,"Census Tract 286","G5020","S",6463133,1891466,47.4329749,-122.3446892,752,0,2,15,2,19,0.0252659574468085
"261","53033028700",316,53,33,28700,287,"Census Tract 287","G5020","S",2675325,0,47.4212394,-122.3278018,289,0,4,109,49,162,0.560553633217993
"262","53033028801",300,53,33,28801,288.01,"Census Tract 288.01","G5020","S",5203599,0,47.4206939,-122.308606,2846,0,54,46,1083,1183,0.415671117357695
"263","53033028802",299,53,33,28802,288.02,"Census Tract 288.02","G5020","S",2415612,415841,47.4249416,-122.2880021,7374,0,0,109,6203,6312,0.855980471928397
"264","53033028901",298,53,33,28901,289.01,"Census Tract 289.01","G5020","S",2285605,425573,47.4026302,-122.3203514,1610,3,23,72,22,120,0.0745341614906832
"265","53033028902",297,53,33,28902,289.02,"Census Tract 289.02","G5020","S",2062176,0,47.3994087,-122.3017641,717,0,2,8,42,52,0.0725244072524407
"266","53033029001",381,53,33,29001,290.01,"Census Tract 290.01","G5020","S",2635370,952681,47.3840122,-122.3220799,702,0,0,44,13,57,0.0811965811965812
"267","53033029003",380,53,33,29003,290.03,"Census Tract 290.03","G5020","S",2574768,0,47.3824985,-122.3057539,1075,0,0,4,14,18,0.0167441860465116
"268","53033029004",379,53,33,29004,290.04,"Census Tract 290.04","G5020","S",1825372,0,47.3799024,-122.2968653,1782,76,458,23,76,633,0.355218855218855
"269","53033029101",111,53,33,29101,291.01,"Census Tract 291.01","G5020","S",3352098,167811,47.3975237,-122.2794706,202,0,0,35,7,42,0.207920792079208
"270","53033029102",110,53,33,29102,291.02,"Census Tract 291.02","G5020","S",2582809,0,47.3799253,-122.2841053,190,0,0,5,0,5,0.0263157894736842
"271","53033029203",378,53,33,29203,292.03,"Census Tract 292.03","G5020","S",2010123,0,47.3862746,-122.2313701,3958,0,122,19,7,148,0.0373926225366347
"272","53033029204",361,53,33,29204,292.04,"Census Tract 292.04","G5020","S",4234266,1687,47.3955305,-122.2160422,1716,0,442,18,120,580,0.337995337995338
"273","53033029205",197,53,33,29205,292.05,"Census Tract 292.05","G5020","S",1868727,40406,47.3878189,-122.263393,941,0,87,110,66,263,0.279489904357067
"274","53033029206",109,53,33,29206,292.06,"Census Tract 292.06","G5020","S",17212475,214543,47.4144378,-122.2433601,39706,213,11987,7895,4255,24350,0.613257442200171
"275","53033029303",360,53,33,29303,293.03,"Census Tract 293.03","G5020","S",3608397,1116,47.4364727,-122.1998867,1508,0,2,23,1,26,0.0172413793103448
"276","53033029304",359,53,33,29304,293.04,"Census Tract 293.04","G5020","S",4132285,30364,47.4382513,-122.1715428,187,0,0,3,0,3,0.0160427807486631
"277","53033029305",358,53,33,29305,293.05,"Census Tract 293.05","G5020","S",2897239,2248,47.4219144,-122.2114434,229,0,1,3,1,5,0.0218340611353712
"278","53033029306",296,53,33,29306,293.06,"Census Tract 293.06","G5020","S",2372855,182821,47.4217238,-122.1835438,281,0,1,6,0,7,0.0249110320284698
"279","53033029307",295,53,33,29307,293.07,"Census Tract 293.07","G5020","S",3808766,61769,47.4218407,-122.1594823,246,0,5,78,1,84,0.341463414634146
"280","53033029403",294,53,33,29403,294.03,"Census Tract 294.03","G5020","S",2407382,385,47.4094368,-122.2002607,365,0,0,1,5,6,0.0164383561643836
"281","53033029405",280,53,33,29405,294.05,"Census Tract 294.05","G5020","S",2491156,986,47.4117274,-122.1757403,78,0,0,1,0,1,0.0128205128205128
"282","53033029406",279,53,33,29406,294.06,"Census Tract 294.06","G5020","S",2616772,92988,47.397426,-122.1786798,191,0,0,4,27,31,0.162303664921466
"283","53033029407",278,53,33,29407,294.07,"Census Tract 294.07","G5020","S",1360513,0,47.3942408,-122.2017733,729,0,0,4,13,17,0.0233196159122085
"284","53033029408",277,53,33,29408,294.08,"Census Tract 294.08","G5020","S",1238188,0,47.3946962,-122.1916681,135,0,0,8,2,10,0.0740740740740741
"285","53033029502",276,53,33,29502,295.02,"Census Tract 295.02","G5020","S",4309765,36477,47.3741574,-122.1753447,4952,0,0,14,18,32,0.00646203554119548
"286","53033029503",275,53,33,29503,295.03,"Census Tract 295.03","G5020","S",2362193,545,47.3763084,-122.2063943,2311,0,4,14,14,32,0.0138468195586326
"287","53033029504",256,53,33,29504,295.04,"Census Tract 295.04","G5020","S",1883400,0,47.3797202,-122.1945497,1309,0,1,3,2,6,0.00458365164247517
"288","53033029601",255,53,33,29601,296.01,"Census Tract 296.01","G5020","S",3950607,70584,47.3561518,-122.1841491,1130,0,0,7,50,57,0.0504424778761062
"289","53033029602",254,53,33,29602,296.02,"Census Tract 296.02","G5020","S",6659409,50035,47.3383864,-122.1880544,213,0,1,2,0,3,0.0140845070422535
"290","53033029700",253,53,33,29700,297,"Census Tract 297","G5020","S",11047288,222690,47.3646803,-122.2258729,5672,0,387,941,327,1655,0.291784203102962
"291","53033029801",252,53,33,29801,298.01,"Census Tract 298.01","G5020","S",7901412,164205,47.3609177,-122.2683819,883,0,158,16,8,182,0.206115515288788
"292","53033029802",251,53,33,29802,298.02,"Census Tract 298.02","G5020","S",6856382,174573,47.3445746,-122.2747262,629,0,3,7,61,71,0.112877583465819
"293","53033029901",250,53,33,29901,299.01,"Census Tract 299.01","G5020","S",3958496,107134,47.3240587,-122.282336,533,0,0,212,51,263,0.49343339587242
"294","53033029902",249,53,33,29902,299.02,"Census Tract 299.02","G5020","S",6290862,10821,47.3241338,-122.2580667,2494,0,602,250,152,1004,0.402566158781075
"295","53033030003",232,53,33,30003,300.03,"Census Tract 300.03","G5020","S",4737504,846303,47.3588458,-122.3152313,937,0,19,35,21,75,0.080042689434365
"296","53033030004",231,53,33,30004,300.04,"Census Tract 300.04","G5020","S",2038151,0,47.3501042,-122.3033872,211,0,0,3,0,3,0.014218009478673
"297","53033030005",198,53,33,30005,300.05,"Census Tract 300.05","G5020","S",2174223,0,47.3365301,-122.3027673,328,0,1,0,3,4,0.0121951219512195
"298","53033030006",112,53,33,30006,300.06,"Census Tract 300.06","G5020","S",1984562,163997,47.3240408,-122.3041391,2818,0,8,4,0,12,0.0042583392476934
"299","53033030100",230,53,33,30100,301,"Census Tract 301","G5020","S",5851590,1972452,47.3361138,-122.3469054,345,5,4,26,2,37,0.107246376811594
"300","53033030201",229,53,33,30201,302.01,"Census Tract 302.01","G5020","S",2818919,52615,47.3206275,-122.3485442,315,46,2,0,7,55,0.174603174603175
"301","53033030202",228,53,33,30202,302.02,"Census Tract 302.02","G5020","S",3272013,0,47.3243897,-122.3231288,1598,0,9,19,2,30,0.0187734668335419
"302","53033030304",227,53,33,30304,303.04,"Census Tract 303.04","G5020","S",7344801,14259,47.2732632,-122.331856,2215,0,17,42,29,88,0.0397291196388262
"303","53033030305",212,53,33,30305,303.05,"Census Tract 303.05","G5020","S",3783120,1035821,47.3189756,-122.3888214,289,43,4,108,0,155,0.536332179930796
"304","53033030306",211,53,33,30306,303.06,"Census Tract 303.06","G5020","S",3764962,542278,47.3130416,-122.3996447,306,0,2,19,0,21,0.0686274509803922
"305","53033030308",210,53,33,30308,303.08,"Census Tract 303.08","G5020","S",2154064,0,47.3083168,-122.3520249,862,0,0,5,0,5,0.00580046403712297
"306","53033030309",209,53,33,30309,303.09,"Census Tract 303.09","G5020","S",2194426,27034,47.3032998,-122.3374114,1478,0,0,29,4,33,0.0223274695534506
"307","53033030310",188,53,33,30310,303.1,"Census Tract 303.10","G5020","S",3205491,0,47.2901057,-122.3495936,945,0,0,12,0,12,0.0126984126984127
"308","53033030311",187,53,33,30311,303.11,"Census Tract 303.11","G5020","S",1900453,3993,47.3078811,-122.368573,363,0,0,5,8,13,0.0358126721763085
"309","53033030312",186,53,33,30312,303.12,"Census Tract 303.12","G5020","S",1855241,0,47.2932144,-122.3682146,412,0,0,7,0,7,0.0169902912621359
"310","53033030313",114,53,33,30313,303.13,"Census Tract 303.13","G5020","S",4002289,0,47.3002419,-122.3139509,7943,0,132,421,178,731,0.0920307188719627
"311","53033030314",113,53,33,30314,303.14,"Census Tract 303.14","G5020","S",2503919,0,47.3080955,-122.3236866,8123,0,6,113,74,193,0.0237596946940785
"312","53033030401",185,53,33,30401,304.01,"Census Tract 304.01","G5020","S",12138960,348070,47.2944923,-122.2855895,3914,0,57,426,29,512,0.130812468063362
"313","53033030403",184,53,33,30403,304.03,"Census Tract 304.03","G5020","S",3853306,6562,47.2677479,-122.30923,155,0,0,12,3,15,0.0967741935483871
"314","53033030404",163,53,33,30404,304.04,"Census Tract 304.04","G5020","S",5989875,215746,47.267424,-122.2759315,223,0,11,13,12,36,0.161434977578475
"315","53033030501",162,53,33,30501,305.01,"Census Tract 305.01","G5020","S",11215570,175434,47.3272298,-122.2353245,15814,0,2937,2348,2153,7438,0.470342734286076
"316","53033030503",161,53,33,30503,305.03,"Census Tract 305.03","G5020","S",3258095,67676,47.3425849,-122.2130556,1747,0,31,11,0,42,0.0240412135088724
"317","53033030504",160,53,33,30504,305.04,"Census Tract 305.04","G5020","S",1524229,42763,47.3211155,-122.2135048,473,0,9,2,14,25,0.0528541226215645
"318","53033030600",159,53,33,30600,306,"Census Tract 306","G5020","S",3359294,69662,47.3069144,-122.2074969,4280,0,24,239,1,264,0.0616822429906542
"319","53033030700",158,53,33,30700,307,"Census Tract 307","G5020","S",1563564,0,47.2971636,-122.2215689,1100,0,0,79,6,85,0.0772727272727273
"320","53033030801",133,53,33,30801,308.01,"Census Tract 308.01","G5020","S",6975768,33797,47.2873666,-122.2352954,12419,0,6278,478,969,7725,0.622030759320396
"321","53033030802",132,53,33,30802,308.02,"Census Tract 308.02","G5020","S",1372874,0,47.2860456,-122.2137235,251,0,0,3,0,3,0.0119521912350598
"322","53033030901",131,53,33,30901,309.01,"Census Tract 309.01","G5020","S",3121503,0,47.280712,-122.2531115,1971,0,975,297,38,1310,0.664637239979706
"323","53033030902",130,53,33,30902,309.02,"Census Tract 309.02","G5020","S",3926189,28185,47.2657557,-122.2444934,346,0,49,61,10,120,0.346820809248555
"324","53033031000",129,53,33,31000,310,"Census Tract 310","G5020","S",12595437,162785,47.2689535,-122.1862464,365,0,159,10,6,175,0.479452054794521
"325","53033031100",128,53,33,31100,311,"Census Tract 311","G5020","S",7323964,116159,47.2909187,-122.1895001,2043,0,18,1,17,36,0.0176211453744493
"326","53033031202",353,53,33,31202,312.02,"Census Tract 312.02","G5020","S",66664775,755179,47.2529061,-122.0687913,805,0,22,26,30,78,0.0968944099378882
"327","53033031204",354,53,33,31204,312.04,"Census Tract 312.04","G5020","S",36871877,608947,47.306388,-122.129911,498,0,3,8,29,40,0.0803212851405622
"328","53033031205",179,53,33,31205,312.05,"Census Tract 312.05","G5020","S",5853259,41398,47.3280223,-122.177855,539,0,0,3,1,4,0.00742115027829314
"329","53033031206",3,53,33,31206,312.06,"Census Tract 312.06","G5020","S",3668962,60430,47.3135621,-122.183538,1320,0,1,1,4,6,0.00454545454545455
"330","53033031301",127,53,33,31301,313.01,"Census Tract 313.01","G5020","S",33118748,224283,47.2046996,-122.0589541,339,0,7,3,34,44,0.129793510324484
"331","53033031302",355,53,33,31302,313.02,"Census Tract 313.02","G5020","S",10879017,100642,47.1859757,-122.0118854,986,0,9,7,0,16,0.0162271805273834
"332","53033031400",372,53,33,31400,314,"Census Tract 314","G5020","S",6377757,1179,47.206636,-121.9889145,3468,0,554,59,30,643,0.185409457900807
"333","53033031501",72,53,33,31501,315.01,"Census Tract 315.01","G5020","S",161442521,1999864,47.3188879,-121.8784572,372,0,10,4,5,19,0.0510752688172043
"334","53033031502",180,53,33,31502,315.02,"Census Tract 315.02","G5020","S",1026438098,8763580,47.2405383,-121.6336958,631,0,2,20,13,35,0.0554675118858954
"335","53033031601",66,53,33,31601,316.01,"Census Tract 316.01","G5020","S",14669801,418507,47.331213,-122.0859477,197,46,0,3,6,55,0.279187817258883
"336","53033031603",67,53,33,31603,316.03,"Census Tract 316.03","G5020","S",56004069,1525160,47.3236418,-121.99185,612,0,12,82,0,94,0.15359477124183
"337","53033031604",141,53,33,31604,316.04,"Census Tract 316.04","G5020","S",4154795,3229,47.3543883,-122.0322942,346,0,0,6,10,16,0.046242774566474
"338","53033031605",115,53,33,31605,316.05,"Census Tract 316.05","G5020","S",15390877,1564307,47.3204617,-122.0465501,273,0,5,13,0,18,0.0659340659340659
"339","53033031703",2,53,33,31703,317.03,"Census Tract 317.03","G5020","S",7139218,643846,47.3716888,-122.1484314,360,0,0,14,18,32,0.0888888888888889
"340","53033031704",35,53,33,31704,317.04,"Census Tract 317.04","G5020","S",5745119,12142,47.3485371,-122.1448222,570,9,11,12,0,32,0.056140350877193
"341","53033031705",199,53,33,31705,317.05,"Census Tract 317.05","G5020","S",5049452,4701,47.3829339,-122.1150241,322,0,50,7,0,57,0.177018633540373
"342","53033031706",143,53,33,31706,317.06,"Census Tract 317.06","G5020","S",4169865,7815,47.3636938,-122.1170035,2855,0,0,62,2,64,0.0224168126094571
"343","53033031800",32,53,33,31800,318,"Census Tract 318","G5020","S",24842882,3331034,47.4085329,-122.1178196,521,17,0,10,5,32,0.0614203454894434
"344","53033031903",124,53,33,31903,319.03,"Census Tract 319.03","G5020","S",11736814,0,47.4821782,-122.110871,500,0,1,10,20,31,0.062
"345","53033031904",125,53,33,31904,319.04,"Census Tract 319.04","G5020","S",18942604,168049,47.465365,-122.0628374,562,0,89,0,14,103,0.183274021352313
"346","53033031906",126,53,33,31906,319.06,"Census Tract 319.06","G5020","S",10822092,521709,47.4362336,-122.0943157,161,0,1,11,0,12,0.0745341614906832
"347","53033031907",31,53,33,31907,319.07,"Census Tract 319.07","G5020","S",5537497,0,47.4533052,-122.1305064,485,0,3,81,14,98,0.202061855670103
"348","53033031908",291,53,33,31908,319.08,"Census Tract 319.08","G5020","S",1827096,0,47.4471071,-122.1427639,851,0,0,26,119,145,0.170387779083431
"349","53033031909",290,53,33,31909,319.09,"Census Tract 319.09","G5020","S",1916060,0,47.4378388,-122.1434772,293,37,0,10,0,47,0.160409556313993
"350","53033032002",33,53,33,32002,320.02,"Census Tract 320.02","G5020","S",27571053,210070,47.4347894,-122.0315839,541,0,9,22,4,35,0.0646950092421442
"351","53033032003",34,53,33,32003,320.03,"Census Tract 320.03","G5020","S",122163698,304929,47.4405378,-121.9250546,1307,0,28,62,7,97,0.0742157612853864
"352","53033032005",36,53,33,32005,320.05,"Census Tract 320.05","G5020","S",6298146,123257,47.370487,-122.0854653,640,0,0,5,19,24,0.0375
"353","53033032006",37,53,33,32006,320.06,"Census Tract 320.06","G5020","S",7610917,126568,47.3499202,-122.0803474,398,0,2,0,2,4,0.0100502512562814
"354","53033032007",373,53,33,32007,320.07,"Census Tract 320.07","G5020","S",11492547,144662,47.3907805,-122.0670808,396,0,0,0,0,0,0
"355","53033032008",97,53,33,32008,320.08,"Census Tract 320.08","G5020","S",2292594,159030,47.3669213,-122.0495778,133,0,2,10,0,12,0.0902255639097744
"356","53033032010",200,53,33,32010,320.1,"Census Tract 320.10","G5020","S",4820859,0,47.3780192,-122.0232476,1961,0,21,23,4,48,0.0244773074961754
"357","53033032011",142,53,33,32011,320.11,"Census Tract 320.11","G5020","S",3363748,282990,47.3691715,-122.0327857,539,0,0,65,89,154,0.285714285714286
"358","53033032102",4,53,33,32102,321.02,"Census Tract 321.02","G5020","S",79040166,84391,47.4851508,-121.965784,671,0,19,38,0,57,0.0849478390461997
"359","53033032103",68,53,33,32103,321.03,"Census Tract 321.03","G5020","S",4051480,0,47.5390618,-122.0487975,9142,5,417,385,42,849,0.0928680813826296
"360","53033032104",7,53,33,32104,321.04,"Census Tract 321.04","G5020","S",22481612,0,47.5051267,-122.0531593,706,0,0,27,9,36,0.0509915014164306
"361","53033032203",9,53,33,32203,322.03,"Census Tract 322.03","G5020","S",10073205,3779419,47.5954699,-122.0694173,646,0,1,22,6,29,0.0448916408668731
"362","53033032207",38,53,33,32207,322.07,"Census Tract 322.07","G5020","S",4572913,1055367,47.5819653,-122.0606739,450,0,0,41,0,41,0.0911111111111111
"363","53033032208",98,53,33,32208,322.08,"Census Tract 322.08","G5020","S",11018171,1305361,47.5604078,-122.0460114,12844,0,549,189,403,1141,0.0888352538150109
"364","53033032210",5,53,33,32210,322.1,"Census Tract 322.10","G5020","S",41801336,17075,47.5512023,-121.9640526,3531,4,248,1560,9,1821,0.51571792693288
"365","53033032211",6,53,33,32211,322.11,"Census Tract 322.11","G5020","S",2975633,0,47.5798198,-122.0193627,690,0,1,33,1,35,0.0507246376811594
"366","53033032212",221,53,33,32212,322.12,"Census Tract 322.12","G5020","S",3372134,42596,47.57097,-122.0083907,868,0,1,42,8,51,0.0587557603686636
"367","53033032213",201,53,33,32213,322.13,"Census Tract 322.13","G5020","S",4137355,286842,47.586805,-121.9887226,118,0,16,13,0,29,0.245762711864407
"368","53033032214",202,53,33,32214,322.14,"Census Tract 322.14","G5020","S",6683464,44579,47.6028805,-122.0215,1349,62,0,31,6,99,0.0733876945885841
"369","53033032215",144,53,33,32215,322.15,"Census Tract 322.15","G5020","S",16008606,10175,47.6062193,-121.9865085,662,0,0,19,0,19,0.0287009063444109
"370","53033032307",154,53,33,32307,323.07,"Census Tract 323.07","G5020","S",11666709,234337,47.7580051,-122.0907595,797,0,1,23,0,24,0.0301129234629862
"371","53033032309",332,53,33,32309,323.09,"Census Tract 323.09","G5020","S",6163950,0,47.685625,-122.1338165,19131,39,1419,945,21,2424,0.12670534734201
"372","53033032311",155,53,33,32311,323.11,"Census Tract 323.11","G5020","S",23482239,92771,47.7515039,-122.0387481,444,0,4,48,0,52,0.117117117117117
"373","53033032313",8,53,33,32313,323.13,"Census Tract 323.13","G5020","S",13092990,436039,47.6705089,-122.0890118,11313,0,3262,401,1115,4778,0.422345973658623
"374","53033032315",150,53,33,32315,323.15,"Census Tract 323.15","G5020","S",44496824,1355612,47.6679952,-121.9798462,454,8,13,91,0,112,0.246696035242291
"375","53033032316",351,53,33,32316,323.16,"Census Tract 323.16","G5020","S",6225176,2654247,47.6392221,-122.0712508,268,0,0,21,5,26,0.0970149253731343
"376","53033032317",149,53,33,32317,323.17,"Census Tract 323.17","G5020","S",4393971,0,47.6276169,-122.0479843,348,0,5,40,7,52,0.149425287356322
"377","53033032318",352,53,33,32318,323.18,"Census Tract 323.18","G5020","S",7354258,0,47.6350729,-122.0320767,853,9,0,68,2,79,0.0926143024618992
"378","53033032319",151,53,33,32319,323.19,"Census Tract 323.19","G5020","S",6814532,0,47.7595596,-122.1476582,8132,1,1559,642,28,2230,0.274225282833251
"379","53033032320",1,53,33,32320,323.2,"Census Tract 323.20","G5020","S",9554873,38494,47.7564769,-122.1244452,780,31,22,7,5,65,0.0833333333333333
"380","53033032321",92,53,33,32321,323.21,"Census Tract 323.21","G5020","S",12670960,0,47.7179214,-122.1263246,1018,0,69,66,0,135,0.132612966601179
"381","53033032322",91,53,33,32322,323.22,"Census Tract 323.22","G5020","S",4625052,0,47.726004,-122.0978452,501,0,0,16,0,16,0.031936127744511
"382","53033032323",395,53,33,32323,323.23,"Census Tract 323.23","G5020","S",3291842,0,47.6986018,-122.1117667,669,0,2,8,0,10,0.0149476831091181
"383","53033032324",156,53,33,32324,323.24,"Census Tract 323.24","G5020","S",2048401,0,47.6855259,-122.119983,214,0,1,26,4,31,0.144859813084112
"384","53033032325",333,53,33,32325,323.25,"Census Tract 323.25","G5020","S",2212936,0,47.6864819,-122.1049565,415,0,2,66,0,68,0.163855421686747
"385","53033032326",84,53,33,32326,323.26,"Census Tract 323.26","G5020","S",10460418,0,47.700761,-122.0785848,527,0,1,52,0,53,0.100569259962049
"386","53033032327",85,53,33,32327,323.27,"Census Tract 323.27","G5020","S",16127862,106609,47.7100617,-122.0434083,389,0,1,13,0,14,0.0359897172236504
"387","53033032328",146,53,33,32328,323.28,"Census Tract 323.28","G5020","S",8504402,0,47.6641636,-122.0461287,284,0,0,10,0,10,0.0352112676056338
"388","53033032329",145,53,33,32329,323.29,"Census Tract 323.29","G5020","S",9669295,0,47.6836608,-122.029714,932,0,162,38,16,216,0.231759656652361
"389","53033032401",70,53,33,32401,324.01,"Census Tract 324.01","G5020","S",55949550,1058812,47.7463098,-121.9478877,1679,9,68,29,4,110,0.0655151876116736
"390","53033032402",71,53,33,32402,324.02,"Census Tract 324.02","G5020","S",25135349,635969,47.7044428,-121.9517972,419,0,1,26,0,27,0.0644391408114559
"391","53033032500",30,53,33,32500,325,"Census Tract 325","G5020","S",213917141,3892704,47.7019699,-121.8306143,767,11,11,32,5,59,0.0769230769230769
"392","53033032601",356,53,33,32601,326.01,"Census Tract 326.01","G5020","S",61321771,1099683,47.5830194,-121.8625236,739,10,24,15,13,62,0.0838971583220568
"393","53033032602",40,53,33,32602,326.02,"Census Tract 326.02","G5020","S",30181212,645284,47.5354747,-121.878315,2056,14,541,156,7,718,0.349221789883268
"394","53033032702",41,53,33,32702,327.02,"Census Tract 327.02","G5020","S",510945718,12517232,47.463173,-121.4975361,361,4,56,35,3,98,0.271468144044321
"395","53033032703",10,53,33,32703,327.03,"Census Tract 327.03","G5020","S",10319396,175463,47.5143769,-121.8178721,2593,0,10,0,1,11,0.0042421905129194
"396","53033032704",11,53,33,32704,327.04,"Census Tract 327.04","G5020","S",17160818,447183,47.4939904,-121.771673,2628,24,94,113,9,240,0.091324200913242
"397","53033032800",42,53,33,32800,328,"Census Tract 328","G5020","S",1390296741,27317733,47.6526481,-121.4312963,410,2,5,15,18,40,0.0975609756097561
